<?xml version="1.0" encoding="UTF-8"?>
<config xmlns="http://www.knime.org/2008/09/XMLConfig" xmlns:xsi="http://www.w3.org/2001/XMLSchema-instance" xsi:schemaLocation="http://www.knime.org/2008/09/XMLConfig http://www.knime.org/XMLConfig_2008_09.xsd" key="model.xml">
    <entry key="version" type="xint" value="1"/>
    <entry key="class_name" type="xstring" value="org.knime.ext.textprocessing.data.DocumentVectorPortObjectSpec"/>
    <config key="model">
        <entry key="ignoreTags" type="xboolean" value="true"/>
        <entry key="bitVector" type="xboolean" value="false"/>
        <entry key="vectorValue" type="xstring" value="TF rel"/>
        <entry key="asCollectionCell" type="xboolean" value="false"/>
        <config key="featureSpaceColumns">
            <entry key="array-size" type="xint" value="522"/>
            <entry key="0" type="xstring" value="survei"/>
            <entry key="1" type="xstring" value="care"/>
            <entry key="2" type="xstring" value="provid"/>
            <entry key="3" type="xstring" value="intens"/>
            <entry key="4" type="xstring" value="unit"/>
            <entry key="5" type="xstring" value="countri"/>
            <entry key="6" type="xstring" value="month"/>
            <entry key="7" type="xstring" value="examin"/>
            <entry key="8" type="xstring" value="burden"/>
            <entry key="9" type="xstring" value="safeti"/>
            <entry key="10" type="xstring" value="confid"/>
            <entry key="11" type="xstring" value="strength"/>
            <entry key="12" type="xstring" value="evid"/>
            <entry key="13" type="xstring" value="logist"/>
            <entry key="14" type="xstring" value="regress"/>
            <entry key="15" type="xstring" value="model"/>
            <entry key="16" type="xstring" value="relationship"/>
            <entry key="17" type="xstring" value="patient"/>
            <entry key="18" type="xstring" value="adjust"/>
            <entry key="19" type="xstring" value="ag"/>
            <entry key="20" type="xstring" value="sever"/>
            <entry key="21" type="xstring" value="comorbid"/>
            <entry key="22" type="xstring" value="administr"/>
            <entry key="23" type="xstring" value="reduc"/>
            <entry key="24" type="xstring" value="weight"/>
            <entry key="25" type="xstring" value="hour"/>
            <entry key="26" type="xstring" value="trend"/>
            <entry key="27" type="xstring" value="improv"/>
            <entry key="28" type="xstring" value="level"/>
            <entry key="29" type="xstring" value="compar"/>
            <entry key="30" type="xstring" value="receiv"/>
            <entry key="31" type="xstring" value="bodi"/>
            <entry key="32" type="xstring" value="significantli"/>
            <entry key="33" type="xstring" value="decreas"/>
            <entry key="34" type="xstring" value="frequenc"/>
            <entry key="35" type="xstring" value="signific"/>
            <entry key="36" type="xstring" value="observ"/>
            <entry key="37" type="xstring" value="scale"/>
            <entry key="38" type="xstring" value="valid"/>
            <entry key="39" type="xstring" value="reliabl"/>
            <entry key="40" type="xstring" value="respons"/>
            <entry key="41" type="xstring" value="measur"/>
            <entry key="42" type="xstring" value="abil"/>
            <entry key="43" type="xstring" value="assess"/>
            <entry key="44" type="xstring" value="treatment"/>
            <entry key="45" type="xstring" value="manag"/>
            <entry key="46" type="xstring" value="complic"/>
            <entry key="47" type="xstring" value="monitor"/>
            <entry key="48" type="xstring" value="appli"/>
            <entry key="49" type="xstring" value="us"/>
            <entry key="50" type="xstring" value="outcom"/>
            <entry key="51" type="xstring" value="studi"/>
            <entry key="52" type="xstring" value="clinic"/>
            <entry key="53" type="xstring" value="research"/>
            <entry key="54" type="xstring" value="cohort"/>
            <entry key="55" type="xstring" value="respiratori"/>
            <entry key="56" type="xstring" value="sampl"/>
            <entry key="57" type="xstring" value="human"/>
            <entry key="58" type="xstring" value="low"/>
            <entry key="59" type="xstring" value="rate"/>
            <entry key="60" type="xstring" value="resist"/>
            <entry key="61" type="xstring" value="collect"/>
            <entry key="62" type="xstring" value="found"/>
            <entry key="63" type="xstring" value="direct"/>
            <entry key="64" type="xstring" value="proport"/>
            <entry key="65" type="xstring" value="exposur"/>
            <entry key="66" type="xstring" value="concentr"/>
            <entry key="67" type="xstring" value="set"/>
            <entry key="68" type="xstring" value="drug"/>
            <entry key="69" type="xstring" value="efficaci"/>
            <entry key="70" type="xstring" value="moreov"/>
            <entry key="71" type="xstring" value="activ"/>
            <entry key="72" type="xstring" value="inhibit"/>
            <entry key="73" type="xstring" value="complet"/>
            <entry key="74" type="xstring" value="breast"/>
            <entry key="75" type="xstring" value="women"/>
            <entry key="76" type="xstring" value="suggest"/>
            <entry key="77" type="xstring" value="increas"/>
            <entry key="78" type="xstring" value="initi"/>
            <entry key="79" type="xstring" value="durat"/>
            <entry key="80" type="xstring" value="addit"/>
            <entry key="81" type="xstring" value="support"/>
            <entry key="82" type="xstring" value="evalu"/>
            <entry key="83" type="xstring" value="vivo"/>
            <entry key="84" type="xstring" value="male"/>
            <entry key="85" type="xstring" value="rat"/>
            <entry key="86" type="xstring" value="metabol"/>
            <entry key="87" type="xstring" value="subject"/>
            <entry key="88" type="xstring" value="valu"/>
            <entry key="89" type="xstring" value="determin"/>
            <entry key="90" type="xstring" value="scan"/>
            <entry key="91" type="xstring" value="region"/>
            <entry key="92" type="xstring" value="wherea"/>
            <entry key="93" type="xstring" value="seen"/>
            <entry key="94" type="xstring" value="depend"/>
            <entry key="95" type="xstring" value="volum"/>
            <entry key="96" type="xstring" value="type"/>
            <entry key="97" type="xstring" value="healthi"/>
            <entry key="98" type="xstring" value="refer"/>
            <entry key="99" type="xstring" value="comparison"/>
            <entry key="100" type="xstring" value="intervent"/>
            <entry key="101" type="xstring" value="similar"/>
            <entry key="102" type="xstring" value="sex"/>
            <entry key="103" type="xstring" value="vari"/>
            <entry key="104" type="xstring" value="commun"/>
            <entry key="105" type="xstring" value="associ"/>
            <entry key="106" type="xstring" value="infect"/>
            <entry key="107" type="xstring" value="time"/>
            <entry key="108" type="xstring" value="previou"/>
            <entry key="109" type="xstring" value="hiv"/>
            <entry key="110" type="xstring" value="test"/>
            <entry key="111" type="xstring" value="knowledg"/>
            <entry key="112" type="xstring" value="statu"/>
            <entry key="113" type="xstring" value="due"/>
            <entry key="114" type="xstring" value="overal"/>
            <entry key="115" type="xstring" value="posit"/>
            <entry key="116" type="xstring" value="particip"/>
            <entry key="117" type="xstring" value="impact"/>
            <entry key="118" type="xstring" value="effect"/>
            <entry key="119" type="xstring" value="insulin"/>
            <entry key="120" type="xstring" value="signal"/>
            <entry key="121" type="xstring" value="stimul"/>
            <entry key="122" type="xstring" value="isol"/>
            <entry key="123" type="xstring" value="declin"/>
            <entry key="124" type="xstring" value="mean"/>
            <entry key="125" type="xstring" value="dai"/>
            <entry key="126" type="xstring" value="interv"/>
            <entry key="127" type="xstring" value="chang"/>
            <entry key="128" type="xstring" value="retrospect"/>
            <entry key="129" type="xstring" value="review"/>
            <entry key="130" type="xstring" value="ey"/>
            <entry key="131" type="xstring" value="treat"/>
            <entry key="132" type="xstring" value="chemotherapi"/>
            <entry key="133" type="xstring" value="follow"/>
            <entry key="134" type="xstring" value="risk"/>
            <entry key="135" type="xstring" value="factor"/>
            <entry key="136" type="xstring" value="final"/>
            <entry key="137" type="xstring" value="visual"/>
            <entry key="138" type="xstring" value="analyz"/>
            <entry key="139" type="xstring" value="follow-up"/>
            <entry key="140" type="xstring" value="visit"/>
            <entry key="141" type="xstring" value="calcul"/>
            <entry key="142" type="xstring" value="period"/>
            <entry key="143" type="xstring" value="stage"/>
            <entry key="144" type="xstring" value="underw"/>
            <entry key="145" type="xstring" value="success"/>
            <entry key="146" type="xstring" value="total"/>
            <entry key="147" type="xstring" value="util"/>
            <entry key="148" type="xstring" value="institut"/>
            <entry key="149" type="xstring" value="lower"/>
            <entry key="150" type="xstring" value="implement"/>
            <entry key="151" type="xstring" value="procedur"/>
            <entry key="152" type="xstring" value="requir"/>
            <entry key="153" type="xstring" value="primari"/>
            <entry key="154" type="xstring" value="establish"/>
            <entry key="155" type="xstring" value="defin"/>
            <entry key="156" type="xstring" value="dose"/>
            <entry key="157" type="xstring" value="adolesc"/>
            <entry key="158" type="xstring" value="relev"/>
            <entry key="159" type="xstring" value="symptom"/>
            <entry key="160" type="xstring" value="frequent"/>
            <entry key="161" type="xstring" value="anxieti"/>
            <entry key="162" type="xstring" value="depress"/>
            <entry key="163" type="xstring" value="pain"/>
            <entry key="164" type="xstring" value="respect"/>
            <entry key="165" type="xstring" value="report"/>
            <entry key="166" type="xstring" value="femal"/>
            <entry key="167" type="xstring" value="analys"/>
            <entry key="168" type="xstring" value="prospect"/>
            <entry key="169" type="xstring" value="databas"/>
            <entry key="170" type="xstring" value="accord"/>
            <entry key="171" type="xstring" value="score"/>
            <entry key="172" type="xstring" value="peopl"/>
            <entry key="173" type="xstring" value="includ"/>
            <entry key="174" type="xstring" value="singl"/>
            <entry key="175" type="xstring" value="baselin"/>
            <entry key="176" type="xstring" value="current"/>
            <entry key="177" type="xstring" value="multivari"/>
            <entry key="178" type="xstring" value="analysi"/>
            <entry key="179" type="xstring" value="estim"/>
            <entry key="180" type="xstring" value="probabl"/>
            <entry key="181" type="xstring" value="account"/>
            <entry key="182" type="xstring" value="elev"/>
            <entry key="183" type="xstring" value="week"/>
            <entry key="184" type="xstring" value="stabl"/>
            <entry key="185" type="xstring" value="continu"/>
            <entry key="186" type="xstring" value="product"/>
            <entry key="187" type="xstring" value="gener"/>
            <entry key="188" type="xstring" value="serum"/>
            <entry key="189" type="xstring" value="target"/>
            <entry key="190" type="xstring" value="lesion"/>
            <entry key="191" type="xstring" value="ratio"/>
            <entry key="192" type="xstring" value="detect"/>
            <entry key="193" type="xstring" value="rang"/>
            <entry key="194" type="xstring" value="cell"/>
            <entry key="195" type="xstring" value="confirm"/>
            <entry key="196" type="xstring" value="perform"/>
            <entry key="197" type="xstring" value="imag"/>
            <entry key="198" type="xstring" value="larger"/>
            <entry key="199" type="xstring" value="left"/>
            <entry key="200" type="xstring" value="normal"/>
            <entry key="201" type="xstring" value="appear"/>
            <entry key="202" type="xstring" value="standard"/>
            <entry key="203" type="xstring" value="assai"/>
            <entry key="204" type="xstring" value="indic"/>
            <entry key="205" type="xstring" value="abnorm"/>
            <entry key="206" type="xstring" value="reduct"/>
            <entry key="207" type="xstring" value="cancer"/>
            <entry key="208" type="xstring" value="screen"/>
            <entry key="209" type="xstring" value="select"/>
            <entry key="210" type="xstring" value="birth"/>
            <entry key="211" type="xstring" value="deliveri"/>
            <entry key="212" type="xstring" value="pregnanc"/>
            <entry key="213" type="xstring" value="advers"/>
            <entry key="214" type="xstring" value="emerg"/>
            <entry key="215" type="xstring" value="infant"/>
            <entry key="216" type="xstring" value="medic"/>
            <entry key="217" type="xstring" value="major"/>
            <entry key="218" type="xstring" value="syndrom"/>
            <entry key="219" type="xstring" value="alcohol"/>
            <entry key="220" type="xstring" value="exhibit"/>
            <entry key="221" type="xstring" value="growth"/>
            <entry key="222" type="xstring" value="investig"/>
            <entry key="223" type="xstring" value="reveal"/>
            <entry key="224" type="xstring" value="interact"/>
            <entry key="225" type="xstring" value="stress"/>
            <entry key="226" type="xstring" value="delai"/>
            <entry key="227" type="xstring" value="condit"/>
            <entry key="228" type="xstring" value="induc"/>
            <entry key="229" type="xstring" value="inflammatori"/>
            <entry key="230" type="xstring" value="mice"/>
            <entry key="231" type="xstring" value="death"/>
            <entry key="232" type="xstring" value="cardiac"/>
            <entry key="233" type="xstring" value="stroke"/>
            <entry key="234" type="xstring" value="event"/>
            <entry key="235" type="xstring" value="independ"/>
            <entry key="236" type="xstring" value="match"/>
            <entry key="237" type="xstring" value="predict"/>
            <entry key="238" type="xstring" value="oral"/>
            <entry key="239" type="xstring" value="inject"/>
            <entry key="240" type="xstring" value="admiss"/>
            <entry key="241" type="xstring" value="live"/>
            <entry key="242" type="xstring" value="prior"/>
            <entry key="243" type="xstring" value="safe"/>
            <entry key="244" type="xstring" value="toler"/>
            <entry key="245" type="xstring" value="recommend"/>
            <entry key="246" type="xstring" value="phase"/>
            <entry key="247" type="xstring" value="trial"/>
            <entry key="248" type="xstring" value="explor"/>
            <entry key="249" type="xstring" value="nation"/>
            <entry key="250" type="xstring" value="surgic"/>
            <entry key="251" type="xstring" value="qualiti"/>
            <entry key="252" type="xstring" value="program"/>
            <entry key="253" type="xstring" value="oper"/>
            <entry key="254" type="xstring" value="classifi"/>
            <entry key="255" type="xstring" value="postop"/>
            <entry key="256" type="xstring" value="site"/>
            <entry key="257" type="xstring" value="failur"/>
            <entry key="258" type="xstring" value="acut"/>
            <entry key="259" type="xstring" value="correl"/>
            <entry key="260" type="xstring" value="univari"/>
            <entry key="261" type="xstring" value="identifi"/>
            <entry key="262" type="xstring" value="compon"/>
            <entry key="263" type="xstring" value="base"/>
            <entry key="264" type="xstring" value="subsequ"/>
            <entry key="265" type="xstring" value="avail"/>
            <entry key="266" type="xstring" value="result"/>
            <entry key="267" type="xstring" value="method"/>
            <entry key="268" type="xstring" value="data"/>
            <entry key="269" type="xstring" value="distribut"/>
            <entry key="270" type="xstring" value="injuri"/>
            <entry key="271" type="xstring" value="statist"/>
            <entry key="272" type="xstring" value="demograph"/>
            <entry key="273" type="xstring" value="questionnair"/>
            <entry key="274" type="xstring" value="administ"/>
            <entry key="275" type="xstring" value="nurs"/>
            <entry key="276" type="xstring" value="diseas"/>
            <entry key="277" type="xstring" value="preoper"/>
            <entry key="278" type="xstring" value="diabet"/>
            <entry key="279" type="xstring" value="hypertens"/>
            <entry key="280" type="xstring" value="pressur"/>
            <entry key="281" type="xstring" value="â±â"/>
            <entry key="282" type="xstring" value="system"/>
            <entry key="283" type="xstring" value="contrast"/>
            <entry key="284" type="xstring" value="enhanc"/>
            <entry key="285" type="xstring" value="reconstruct"/>
            <entry key="286" type="xstring" value="structur"/>
            <entry key="287" type="xstring" value="repres"/>
            <entry key="288" type="xstring" value="tissu"/>
            <entry key="289" type="xstring" value="remain"/>
            <entry key="290" type="xstring" value="consecut"/>
            <entry key="291" type="xstring" value="enrol"/>
            <entry key="292" type="xstring" value="undergo"/>
            <entry key="293" type="xstring" value="therapi"/>
            <entry key="294" type="xstring" value="occur"/>
            <entry key="295" type="xstring" value="predictor"/>
            <entry key="296" type="xstring" value="relat"/>
            <entry key="297" type="xstring" value="complex"/>
            <entry key="298" type="xstring" value="presenc"/>
            <entry key="299" type="xstring" value="surviv"/>
            <entry key="300" type="xstring" value="p0001"/>
            <entry key="301" type="xstring" value="tumor"/>
            <entry key="302" type="xstring" value="resect"/>
            <entry key="303" type="xstring" value="grade"/>
            <entry key="304" type="xstring" value="obtain"/>
            <entry key="305" type="xstring" value="incid"/>
            <entry key="306" type="xstring" value="hazard"/>
            <entry key="307" type="xstring" value="separ"/>
            <entry key="308" type="xstring" value="experi"/>
            <entry key="309" type="xstring" value="prevent"/>
            <entry key="310" type="xstring" value="advanc"/>
            <entry key="311" type="xstring" value="practic"/>
            <entry key="312" type="xstring" value="achiev"/>
            <entry key="313" type="xstring" value="exercis"/>
            <entry key="314" type="xstring" value="function"/>
            <entry key="315" type="xstring" value="recurr"/>
            <entry key="316" type="xstring" value="secondari"/>
            <entry key="317" type="xstring" value="blood"/>
            <entry key="318" type="xstring" value="loss"/>
            <entry key="319" type="xstring" value="develop"/>
            <entry key="320" type="xstring" value="marker"/>
            <entry key="321" type="xstring" value="multipl"/>
            <entry key="322" type="xstring" value="hospit"/>
            <entry key="323" type="xstring" value="therapeut"/>
            <entry key="324" type="xstring" value="plasma"/>
            <entry key="325" type="xstring" value="paramet"/>
            <entry key="326" type="xstring" value="discharg"/>
            <entry key="327" type="xstring" value="met"/>
            <entry key="328" type="xstring" value="inclus"/>
            <entry key="329" type="xstring" value="criteria"/>
            <entry key="330" type="xstring" value="averag"/>
            <entry key="331" type="xstring" value="mass"/>
            <entry key="332" type="xstring" value="index"/>
            <entry key="333" type="xstring" value="combin"/>
            <entry key="334" type="xstring" value="eight"/>
            <entry key="335" type="xstring" value="cost"/>
            <entry key="336" type="xstring" value="health"/>
            <entry key="337" type="xstring" value="main"/>
            <entry key="338" type="xstring" value="brain"/>
            <entry key="339" type="xstring" value="placebo"/>
            <entry key="340" type="xstring" value="alter"/>
            <entry key="341" type="xstring" value="design"/>
            <entry key="342" type="xstring" value="size"/>
            <entry key="343" type="xstring" value="social"/>
            <entry key="344" type="xstring" value="strategi"/>
            <entry key="345" type="xstring" value="histori"/>
            <entry key="346" type="xstring" value="anterior"/>
            <entry key="347" type="xstring" value="intern"/>
            <entry key="348" type="xstring" value="flow"/>
            <entry key="349" type="xstring" value="median"/>
            <entry key="350" type="xstring" value="percentag"/>
            <entry key="351" type="xstring" value="accuraci"/>
            <entry key="352" type="xstring" value="parent"/>
            <entry key="353" type="xstring" value="life"/>
            <entry key="354" type="xstring" value="sequenc"/>
            <entry key="355" type="xstring" value="allow"/>
            <entry key="356" type="xstring" value="poor"/>
            <entry key="357" type="xstring" value="involv"/>
            <entry key="358" type="xstring" value="versu"/>
            <entry key="359" type="xstring" value="express"/>
            <entry key="360" type="xstring" value="differenti"/>
            <entry key="361" type="xstring" value="invas"/>
            <entry key="362" type="xstring" value="diagnosi"/>
            <entry key="363" type="xstring" value="thick"/>
            <entry key="364" type="xstring" value="control"/>
            <entry key="365" type="xstring" value="children"/>
            <entry key="366" type="xstring" value="arteri"/>
            <entry key="367" type="xstring" value="protein"/>
            <entry key="368" type="xstring" value="disord"/>
            <entry key="369" type="xstring" value="physic"/>
            <entry key="370" type="xstring" value="daili"/>
            <entry key="371" type="xstring" value="behavior"/>
            <entry key="372" type="xstring" value="approach"/>
            <entry key="373" type="xstring" value="extract"/>
            <entry key="374" type="xstring" value="gene"/>
            <entry key="375" type="xstring" value="promot"/>
            <entry key="376" type="xstring" value="furthermor"/>
            <entry key="377" type="xstring" value="diagnos"/>
            <entry key="378" type="xstring" value="diagnost"/>
            <entry key="379" type="xstring" value="subgroup"/>
            <entry key="380" type="xstring" value="inform"/>
            <entry key="381" type="xstring" value="protocol"/>
            <entry key="382" type="xstring" value="linear"/>
            <entry key="383" type="xstring" value="sensit"/>
            <entry key="384" type="xstring" value="specif"/>
            <entry key="385" type="xstring" value="long-term"/>
            <entry key="386" type="xstring" value="caus"/>
            <entry key="387" type="xstring" value="modifi"/>
            <entry key="388" type="xstring" value="muscl"/>
            <entry key="389" type="xstring" value="bone"/>
            <entry key="390" type="xstring" value="adult"/>
            <entry key="391" type="xstring" value="note"/>
            <entry key="392" type="xstring" value="differ"/>
            <entry key="393" type="xstring" value="preval"/>
            <entry key="394" type="xstring" value="profil"/>
            <entry key="395" type="xstring" value="lung"/>
            <entry key="396" type="xstring" value="moder"/>
            <entry key="397" type="xstring" value="random"/>
            <entry key="398" type="xstring" value="pattern"/>
            <entry key="399" type="xstring" value="plan"/>
            <entry key="400" type="xstring" value="integr"/>
            <entry key="401" type="xstring" value="help"/>
            <entry key="402" type="xstring" value="contribut"/>
            <entry key="403" type="xstring" value="servic"/>
            <entry key="404" type="xstring" value="search"/>
            <entry key="405" type="xstring" value="popul"/>
            <entry key="406" type="xstring" value="definit"/>
            <entry key="407" type="xstring" value="smoke"/>
            <entry key="408" type="xstring" value="educ"/>
            <entry key="409" type="xstring" value="seven"/>
            <entry key="410" type="xstring" value="demonstr"/>
            <entry key="411" type="xstring" value="odd"/>
            <entry key="412" type="xstring" value="common"/>
            <entry key="413" type="xstring" value="five"/>
            <entry key="414" type="xstring" value="andor"/>
            <entry key="415" type="xstring" value="chronic"/>
            <entry key="416" type="xstring" value="pathwai"/>
            <entry key="417" type="xstring" value="sign"/>
            <entry key="418" type="xstring" value="maximum"/>
            <entry key="419" type="xstring" value="peak"/>
            <entry key="420" type="xstring" value="term"/>
            <entry key="421" type="xstring" value="potenti"/>
            <entry key="422" type="xstring" value="regard"/>
            <entry key="423" type="xstring" value="variabl"/>
            <entry key="424" type="xstring" value="gender"/>
            <entry key="425" type="xstring" value="bmi"/>
            <entry key="426" type="xstring" value="neg"/>
            <entry key="427" type="xstring" value="cognit"/>
            <entry key="428" type="xstring" value="find"/>
            <entry key="429" type="xstring" value="conduct"/>
            <entry key="430" type="xstring" value="progress"/>
            <entry key="431" type="xstring" value="disabl"/>
            <entry key="432" type="xstring" value="local"/>
            <entry key="433" type="xstring" value="cultur"/>
            <entry key="434" type="xstring" value="interview"/>
            <entry key="435" type="xstring" value="quantit"/>
            <entry key="436" type="xstring" value="individu"/>
            <entry key="437" type="xstring" value="onset"/>
            <entry key="438" type="xstring" value="train"/>
            <entry key="439" type="xstring" value="stratifi"/>
            <entry key="440" type="xstring" value="protect"/>
            <entry key="441" type="xstring" value="famili"/>
            <entry key="442" type="xstring" value="obes"/>
            <entry key="443" type="xstring" value="carcinoma"/>
            <entry key="444" type="xstring" value="head"/>
            <entry key="445" type="xstring" value="consid"/>
            <entry key="446" type="xstring" value="benefit"/>
            <entry key="447" type="xstring" value="surgeri"/>
            <entry key="448" type="xstring" value="influenc"/>
            <entry key="449" type="xstring" value="object"/>
            <entry key="450" type="xstring" value="six"/>
            <entry key="451" type="xstring" value="hundr"/>
            <entry key="452" type="xstring" value="stai"/>
            <entry key="453" type="xstring" value="mortal"/>
            <entry key="454" type="xstring" value="length"/>
            <entry key="455" type="xstring" value="impair"/>
            <entry key="456" type="xstring" value="affect"/>
            <entry key="457" type="xstring" value="person"/>
            <entry key="458" type="xstring" value="applic"/>
            <entry key="459" type="xstring" value="record"/>
            <entry key="460" type="xstring" value="elig"/>
            <entry key="461" type="xstring" value="center"/>
            <entry key="462" type="xstring" value="mental"/>
            <entry key="463" type="xstring" value="reason"/>
            <entry key="464" type="xstring" value="divid"/>
            <entry key="465" type="xstring" value="consist"/>
            <entry key="466" type="xstring" value="role"/>
            <entry key="467" type="xstring" value="link"/>
            <entry key="468" type="xstring" value="characterist"/>
            <entry key="469" type="xstring" value="januari"/>
            <entry key="470" type="xstring" value="fractur"/>
            <entry key="471" type="xstring" value="cardiovascular"/>
            <entry key="472" type="xstring" value="instrument"/>
            <entry key="473" type="xstring" value="experienc"/>
            <entry key="474" type="xstring" value="longitudin"/>
            <entry key="475" type="xstring" value="self-report"/>
            <entry key="476" type="xstring" value="curv"/>
            <entry key="477" type="xstring" value="futur"/>
            <entry key="478" type="xstring" value="consumpt"/>
            <entry key="479" type="xstring" value="p001"/>
            <entry key="480" type="xstring" value="liver"/>
            <entry key="481" type="xstring" value="prolifer"/>
            <entry key="482" type="xstring" value="exclud"/>
            <entry key="483" type="xstring" value="techniqu"/>
            <entry key="484" type="xstring" value="articl"/>
            <entry key="485" type="xstring" value="agreement"/>
            <entry key="486" type="xstring" value="aim"/>
            <entry key="487" type="xstring" value="respond"/>
            <entry key="488" type="xstring" value="limit"/>
            <entry key="489" type="xstring" value="recent"/>
            <entry key="490" type="xstring" value="optim"/>
            <entry key="491" type="xstring" value="variou"/>
            <entry key="492" type="xstring" value="systemat"/>
            <entry key="493" type="xstring" value="percent"/>
            <entry key="494" type="xstring" value="literatur"/>
            <entry key="495" type="xstring" value="central"/>
            <entry key="496" type="xstring" value="recoveri"/>
            <entry key="497" type="xstring" value="locat"/>
            <entry key="498" type="xstring" value="content"/>
            <entry key="499" type="xstring" value="heart"/>
            <entry key="500" type="xstring" value="rel"/>
            <entry key="501" type="xstring" value="student"/>
            <entry key="502" type="xstring" value="variat"/>
            <entry key="503" type="xstring" value="process"/>
            <entry key="504" type="xstring" value="describ"/>
            <entry key="505" type="xstring" value="form"/>
            <entry key="506" type="xstring" value="registri"/>
            <entry key="507" type="xstring" value="correspond"/>
            <entry key="508" type="xstring" value="mechan"/>
            <entry key="509" type="xstring" value="apoptosi"/>
            <entry key="510" type="xstring" value="western"/>
            <entry key="511" type="xstring" value="cycl"/>
            <entry key="512" type="xstring" value="vitro"/>
            <entry key="513" type="xstring" value="p005"/>
            <entry key="514" type="xstring" value="via"/>
            <entry key="515" type="xstring" value="mutat"/>
            <entry key="516" type="xstring" value="public"/>
            <entry key="517" type="xstring" value="comput"/>
            <entry key="518" type="xstring" value="glucos"/>
            <entry key="519" type="xstring" value="cross-sect"/>
            <entry key="520" type="xstring" value="implant"/>
            <entry key="521" type="xstring" value="recruit"/>
        </config>
    </config>
</config>
